"name","handle","source"
"いと","ito_zettai","公式サイト"
"ちぇる","cheru2_zettai","公式サイト"
"ちま","chima_zettai","公式サイト"
"ららこ","rarako_zettai","公式サイト"
"ちゆ","chiyu_zettai","公式サイト"
"けだま","kedama_zettai","公式サイト"
"ちょこ","choko_zettai","公式サイト"
"みえる","mieru_zettai","公式サイト"
"えみ","emi_zettai","公式サイト"
"つぼみ","tsubomi_zettai","公式サイト"
"こん","kon1_zettai","公式サイト"
"るるか","ruruka_zettai","公式サイト"
"かなた","kanata2_zettai","公式サイト"
"まひろ","mahiro1_zettai","公式サイト"
"こえび","koebi_zettai","公式サイト"
"みりん","mirin_zettai","公式サイト"
"もなか","monaka_zettai","公式サイト"
"うな","una_zettai","公式サイト"
"あくび","akubi_zettai","公式サイト"
"のの","nono_zettai","公式サイト"
"しゃち","shachi_zettai","公式サイト"
"ひなり","hinari_zettai","公式サイト"
"すくい","sukui_zettai","公式サイト"
"きらり","kirari_zettai","公式サイト"
"こい","koi_zettai","公式サイト"
"あめる","ameru_zettai","公式サイト"
"える","eru_zettai","公式サイト"
"うる","uru_zettai","公式サイト"
"ねむり","nemuri_zettai","公式サイト"
"ちさと","chisato_zettai","公式サイト"
"はぴる","hapiru_zettai","公式サイト"
"みりあ","miria_zettai","公式サイト"
"あらた","arata_zettai","公式サイト"
"まこっちゃん","makoto2_zettai","公式サイト"
"あむ","amu_zettai","公式サイト"
"ひかり","hikari_zettai","公式サイト"
"にゃな","nyana_zettai","本人確認済み"
"ぴあの","piano_zettai","本人確認済み"
"ゆめ","yume1_zettai","本人確認済み"
"もち","mochi1_zettai","本人確認済み"
"わたげ","",""
"みらい","",""
"ろぜった","",""
"ときり","",""
"のあ","noa_zettai","本人確認済み"
"いろは","iroha_zettai","本人確認済み"
"つくし","",""
"みぞれ","",""
"ひじり","hijiri_zettai","卒業済み"
"ねるる","",""
"らん","",""
